index,pts_seconds,width,height,pix_fmt,bytes
0,0.000000,320,180,i420,86400
1,0.040000,320,180,i420,86400
2,0.080000,320,180,i420,86400
3,0.120000,320,180,i420,86400
4,0.160000,320,180,i420,86400
5,0.200000,320,180,i420,86400
6,0.240000,320,180,i420,86400
7,0.280000,320,180,i420,86400
8,0.320000,320,180,i420,86400
9,0.360000,320,180,i420,86400
10,0.400000,320,180,i420,86400
11,0.440000,320,180,i420,86400
12,0.480000,320,180,i420,86400
13,0.520000,320,180,i420,86400
14,0.560000,320,180,i420,86400
15,0.600000,320,180,i420,86400
16,0.640000,320,180,i420,86400
17,0.680000,320,180,i420,86400
18,0.720000,320,180,i420,86400
19,0.760000,320,180,i420,86400
20,0.800000,320,180,i420,86400
21,0.840000,320,180,i420,86400
22,0.880000,320,180,i420,86400
23,0.920000,320,180,i420,86400
24,0.960000,320,180,i420,86400
25,1.000000,320,180,i420,86400
26,1.040000,320,180,i420,86400
27,1.080000,320,180,i420,86400
28,1.120000,320,180,i420,86400
29,1.160000,320,180,i420,86400
30,1.200000,320,180,i420,86400
31,1.240000,320,180,i420,86400
32,1.280000,320,180,i420,86400
33,1.320000,320,180,i420,86400
34,1.360000,320,180,i420,86400
35,1.400000,320,180,i420,86400
36,1.440000,320,180,i420,86400
37,1.480000,320,180,i420,86400
38,1.520000,320,180,i420,86400
39,1.560000,320,180,i420,86400
40,1.600000,320,180,i420,86400
41,1.640000,320,180,i420,86400
42,1.680000,320,180,i420,86400
43,1.720000,320,180,i420,86400
44,1.760000,320,180,i420,86400
45,1.800000,320,180,i420,86400
46,1.840000,320,180,i420,86400
47,1.880000,320,180,i420,86400
48,1.920000,320,180,i420,86400
49,1.960000,320,180,i420,86400
50,2.000000,320,180,i420,86400
51,2.040000,320,180,i420,86400
52,2.080000,320,180,i420,86400
53,2.120000,320,180,i420,86400
54,2.160000,320,180,i420,86400
55,2.200000,320,180,i420,86400
56,2.240000,320,180,i420,86400
57,2.280000,320,180,i420,86400
58,2.320000,320,180,i420,86400
59,2.360000,320,180,i420,86400
60,2.400000,320,180,i420,86400
61,2.440000,320,180,i420,86400
62,2.480000,320,180,i420,86400
63,2.520000,320,180,i420,86400
64,2.560000,320,180,i420,86400
65,2.600000,320,180,i420,86400
66,2.640000,320,180,i420,86400
67,2.680000,320,180,i420,86400
68,2.720000,320,180,i420,86400
69,2.760000,320,180,i420,86400
70,2.800000,320,180,i420,86400
71,2.840000,320,180,i420,86400
72,2.880000,320,180,i420,86400
73,2.920000,320,180,i420,86400
74,2.960000,320,180,i420,86400
75,3.000000,320,180,i420,86400
76,3.040000,320,180,i420,86400
77,3.080000,320,180,i420,86400
78,3.120000,320,180,i420,86400
79,3.160000,320,180,i420,86400
80,3.200000,320,180,i420,86400
81,3.240000,320,180,i420,86400
82,3.280000,320,180,i420,86400
83,3.320000,320,180,i420,86400
84,3.360000,320,180,i420,86400
85,3.400000,320,180,i420,86400
86,3.440000,320,180,i420,86400
87,3.480000,320,180,i420,86400
88,3.520000,320,180,i420,86400
89,3.560000,320,180,i420,86400
90,3.600000,320,180,i420,86400
91,3.640000,320,180,i420,86400
92,3.680000,320,180,i420,86400
93,3.720000,320,180,i420,86400
94,3.760000,320,180,i420,86400
95,3.800000,320,180,i420,86400
96,3.840000,320,180,i420,86400
97,3.880000,320,180,i420,86400
98,3.920000,320,180,i420,86400
99,3.960000,320,180,i420,86400
100,4.000000,320,180,i420,86400
101,4.040000,320,180,i420,86400
102,4.080000,320,180,i420,86400
103,4.120000,320,180,i420,86400
104,4.160000,320,180,i420,86400
105,4.200000,320,180,i420,86400
106,4.240000,320,180,i420,86400
107,4.280000,320,180,i420,86400
108,4.320000,320,180,i420,86400
109,4.360000,320,180,i420,86400
110,4.400000,320,180,i420,86400
111,4.440000,320,180,i420,86400
112,4.480000,320,180,i420,86400
113,4.520000,320,180,i420,86400
114,4.560000,320,180,i420,86400
115,4.600000,320,180,i420,86400
116,4.640000,320,180,i420,86400
117,4.680000,320,180,i420,86400
118,4.720000,320,180,i420,86400
119,4.760000,320,180,i420,86400
120,4.800000,320,180,i420,86400
121,4.840000,320,180,i420,86400
122,4.880000,320,180,i420,86400
123,4.920000,320,180,i420,86400
124,4.960000,320,180,i420,86400
125,5.000000,320,180,i420,86400
126,5.040000,320,180,i420,86400
127,5.080000,320,180,i420,86400
128,5.120000,320,180,i420,86400
129,5.160000,320,180,i420,86400
130,5.200000,320,180,i420,86400
131,5.240000,320,180,i420,86400
132,5.280000,320,180,i420,86400
133,5.320000,320,180,i420,86400
134,5.360000,320,180,i420,86400
135,5.400000,320,180,i420,86400
136,5.440000,320,180,i420,86400
137,5.480000,320,180,i420,86400
138,5.520000,320,180,i420,86400
139,5.560000,320,180,i420,86400
140,5.600000,320,180,i420,86400
141,5.640000,320,180,i420,86400
142,5.680000,320,180,i420,86400
143,5.720000,320,180,i420,86400
144,5.760000,320,180,i420,86400
145,5.800000,320,180,i420,86400
146,5.840000,320,180,i420,86400
147,5.880000,320,180,i420,86400
148,5.920000,320,180,i420,86400
149,5.960000,320,180,i420,86400
150,6.000000,320,180,i420,86400
151,6.040000,320,180,i420,86400
152,6.080000,320,180,i420,86400
153,6.120000,320,180,i420,86400
154,6.160000,320,180,i420,86400
155,6.200000,320,180,i420,86400
156,6.240000,320,180,i420,86400
157,6.280000,320,180,i420,86400
158,6.320000,320,180,i420,86400
159,6.360000,320,180,i420,86400
160,6.400000,320,180,i420,86400
161,6.440000,320,180,i420,86400
162,6.480000,320,180,i420,86400
163,6.520000,320,180,i420,86400
164,6.560000,320,180,i420,86400
165,6.600000,320,180,i420,86400
166,6.640000,320,180,i420,86400
167,6.680000,320,180,i420,86400
168,6.720000,320,180,i420,86400
169,6.760000,320,180,i420,86400
170,6.800000,320,180,i420,86400
171,6.840000,320,180,i420,86400
172,6.880000,320,180,i420,86400
173,6.920000,320,180,i420,86400
174,6.960000,320,180,i420,86400
175,7.000000,320,180,i420,86400
176,7.040000,320,180,i420,86400
177,7.080000,320,180,i420,86400
178,7.120000,320,180,i420,86400
179,7.160000,320,180,i420,86400
180,7.200000,320,180,i420,86400
181,7.240000,320,180,i420,86400
182,7.280000,320,180,i420,86400
183,7.320000,320,180,i420,86400
184,7.360000,320,180,i420,86400
185,7.400000,320,180,i420,86400
186,7.440000,320,180,i420,86400
187,7.480000,320,180,i420,86400
188,7.520000,320,180,i420,86400
189,7.560000,320,180,i420,86400
190,7.600000,320,180,i420,86400
191,7.640000,320,180,i420,86400
192,7.680000,320,180,i420,86400
193,7.720000,320,180,i420,86400
194,7.760000,320,180,i420,86400
195,7.800000,320,180,i420,86400
196,7.840000,320,180,i420,86400
197,7.880000,320,180,i420,86400
198,7.920000,320,180,i420,86400
199,7.960000,320,180,i420,86400
