packet_index,frame_index,sequence_number,timestamp,marker,payload_type,nalu_type,nalu_name,packetization,payload_size,fu_start,fu_end
0,0,1000,90000,0,96,7,SPS,single-nalu,34,0,0
1,0,1001,90000,0,96,8,PPS,single-nalu,4,0,0
2,0,1002,90000,0,96,6,SEI,single-nalu,94,0,0
3,0,1003,90000,0,96,5,IDR slice,fu-a,1200,1,0
4,0,1004,90000,0,96,5,IDR slice,fu-a,1200,0,0
5,0,1005,90000,0,96,5,IDR slice,fu-a,1200,0,0
6,0,1006,90000,0,96,5,IDR slice,fu-a,1200,0,0
7,0,1007,90000,0,96,5,IDR slice,fu-a,1200,0,0
8,0,1008,90000,0,96,5,IDR slice,fu-a,1200,0,0
9,0,1009,90000,0,96,5,IDR slice,fu-a,1200,0,0
10,0,1010,90000,0,96,5,IDR slice,fu-a,1200,0,0
11,0,1011,90000,0,96,5,IDR slice,fu-a,1200,0,0
12,0,1012,90000,0,96,5,IDR slice,fu-a,1200,0,0
13,0,1013,90000,0,96,5,IDR slice,fu-a,1200,0,0
14,0,1014,90000,0,96,5,IDR slice,fu-a,1200,0,0
15,0,1015,90000,0,96,5,IDR slice,fu-a,1200,0,0
16,0,1016,90000,0,96,5,IDR slice,fu-a,1200,0,0
17,0,1017,90000,0,96,5,IDR slice,fu-a,1200,0,0
18,0,1018,90000,0,96,5,IDR slice,fu-a,1200,0,0
19,0,1019,90000,0,96,5,IDR slice,fu-a,1200,0,0
20,0,1020,90000,0,96,5,IDR slice,fu-a,1200,0,0
21,0,1021,90000,0,96,5,IDR slice,fu-a,1200,0,0
22,0,1022,90000,1,96,5,IDR slice,fu-a,962,0,1
23,1,1023,93600,0,96,1,non-IDR slice,fu-a,1200,1,0
24,1,1024,93600,0,96,1,non-IDR slice,fu-a,1200,0,0
25,1,1025,93600,0,96,1,non-IDR slice,fu-a,1200,0,0
26,1,1026,93600,0,96,1,non-IDR slice,fu-a,1200,0,0
27,1,1027,93600,1,96,1,non-IDR slice,fu-a,418,0,1
28,2,1028,97200,1,96,1,non-IDR slice,single-nalu,747,0,0
29,3,1029,100800,1,96,1,non-IDR slice,single-nalu,206,0,0
30,4,1030,104400,1,96,1,non-IDR slice,single-nalu,88,0,0
31,5,1031,108000,1,96,1,non-IDR slice,single-nalu,19,0,0
32,6,1032,111600,1,96,1,non-IDR slice,single-nalu,29,0,0
33,7,1033,115200,1,96,1,non-IDR slice,single-nalu,118,0,0
34,8,1034,118800,1,96,1,non-IDR slice,single-nalu,62,0,0
35,9,1035,122400,1,96,1,non-IDR slice,single-nalu,47,0,0
36,10,1036,126000,1,96,1,non-IDR slice,single-nalu,790,0,0
37,11,1037,129600,1,96,1,non-IDR slice,single-nalu,271,0,0
38,12,1038,133200,1,96,1,non-IDR slice,single-nalu,191,0,0
39,13,1039,136800,1,96,1,non-IDR slice,single-nalu,87,0,0
40,14,1040,140400,1,96,1,non-IDR slice,single-nalu,423,0,0
41,15,1041,144000,1,96,1,non-IDR slice,single-nalu,86,0,0
42,16,1042,147600,1,96,1,non-IDR slice,single-nalu,268,0,0
43,17,1043,151200,0,96,1,non-IDR slice,fu-a,1200,1,0
44,17,1044,151200,0,96,1,non-IDR slice,fu-a,1200,0,0
45,17,1045,151200,0,96,1,non-IDR slice,fu-a,1200,0,0
46,17,1046,151200,0,96,1,non-IDR slice,fu-a,1200,0,0
47,17,1047,151200,0,96,1,non-IDR slice,fu-a,1200,0,0
48,17,1048,151200,0,96,1,non-IDR slice,fu-a,1200,0,0
49,17,1049,151200,0,96,1,non-IDR slice,fu-a,1200,0,0
50,17,1050,151200,1,96,1,non-IDR slice,fu-a,1156,0,1
51,18,1051,154800,0,96,1,non-IDR slice,fu-a,1200,1,0
52,18,1052,154800,1,96,1,non-IDR slice,fu-a,913,0,1
53,19,1053,158400,1,96,1,non-IDR slice,single-nalu,972,0,0
54,20,1054,162000,1,96,1,non-IDR slice,single-nalu,482,0,0
55,21,1055,165600,1,96,1,non-IDR slice,single-nalu,56,0,0
56,22,1056,169200,1,96,1,non-IDR slice,single-nalu,312,0,0
57,23,1057,172800,1,96,1,non-IDR slice,single-nalu,471,0,0
58,24,1058,176400,1,96,1,non-IDR slice,single-nalu,120,0,0
59,25,1059,180000,1,96,1,non-IDR slice,single-nalu,199,0,0
60,26,1060,183600,1,96,1,non-IDR slice,single-nalu,1188,0,0
61,27,1061,187200,1,96,1,non-IDR slice,single-nalu,627,0,0
62,28,1062,190800,1,96,1,non-IDR slice,single-nalu,304,0,0
63,29,1063,194400,1,96,1,non-IDR slice,single-nalu,214,0,0
64,30,1064,198000,1,96,1,non-IDR slice,single-nalu,588,0,0
65,31,1065,201600,1,96,1,non-IDR slice,single-nalu,370,0,0
66,32,1066,205200,1,96,1,non-IDR slice,single-nalu,298,0,0
67,33,1067,208800,0,96,1,non-IDR slice,fu-a,1200,1,0
68,33,1068,208800,0,96,1,non-IDR slice,fu-a,1200,0,0
69,33,1069,208800,0,96,1,non-IDR slice,fu-a,1200,0,0
70,33,1070,208800,0,96,1,non-IDR slice,fu-a,1200,0,0
71,33,1071,208800,0,96,1,non-IDR slice,fu-a,1200,0,0
72,33,1072,208800,0,96,1,non-IDR slice,fu-a,1200,0,0
73,33,1073,208800,0,96,1,non-IDR slice,fu-a,1200,0,0
74,33,1074,208800,0,96,1,non-IDR slice,fu-a,1200,0,0
75,33,1075,208800,0,96,1,non-IDR slice,fu-a,1200,0,0
76,33,1076,208800,0,96,1,non-IDR slice,fu-a,1200,0,0
77,33,1077,208800,1,96,1,non-IDR slice,fu-a,375,0,1
78,34,1078,212400,0,96,1,non-IDR slice,fu-a,1200,1,0
79,34,1079,212400,0,96,1,non-IDR slice,fu-a,1200,0,0
80,34,1080,212400,1,96,1,non-IDR slice,fu-a,337,0,1
81,35,1081,216000,0,96,1,non-IDR slice,fu-a,1200,1,0
82,35,1082,216000,1,96,1,non-IDR slice,fu-a,373,0,1
83,36,1083,219600,1,96,1,non-IDR slice,single-nalu,681,0,0
84,37,1084,223200,1,96,1,non-IDR slice,single-nalu,253,0,0
85,38,1085,226800,1,96,1,non-IDR slice,single-nalu,428,0,0
86,39,1086,230400,1,96,1,non-IDR slice,single-nalu,769,0,0
87,40,1087,234000,1,96,1,non-IDR slice,single-nalu,302,0,0
88,41,1088,237600,1,96,1,non-IDR slice,single-nalu,508,0,0
89,42,1089,241200,0,96,1,non-IDR slice,fu-a,1200,1,0
90,42,1090,241200,1,96,1,non-IDR slice,fu-a,278,0,1
91,43,1091,244800,1,96,1,non-IDR slice,single-nalu,711,0,0
92,44,1092,248400,1,96,1,non-IDR slice,single-nalu,346,0,0
93,45,1093,252000,1,96,1,non-IDR slice,single-nalu,380,0,0
94,46,1094,255600,1,96,1,non-IDR slice,single-nalu,762,0,0
95,47,1095,259200,1,96,1,non-IDR slice,single-nalu,502,0,0
96,48,1096,262800,1,96,1,non-IDR slice,single-nalu,403,0,0
97,49,1097,266400,0,96,1,non-IDR slice,fu-a,1200,1,0
98,49,1098,266400,0,96,1,non-IDR slice,fu-a,1200,0,0
99,49,1099,266400,0,96,1,non-IDR slice,fu-a,1200,0,0
100,49,1100,266400,0,96,1,non-IDR slice,fu-a,1200,0,0
101,49,1101,266400,0,96,1,non-IDR slice,fu-a,1200,0,0
102,49,1102,266400,0,96,1,non-IDR slice,fu-a,1200,0,0
103,49,1103,266400,0,96,1,non-IDR slice,fu-a,1200,0,0
104,49,1104,266400,0,96,1,non-IDR slice,fu-a,1200,0,0
105,49,1105,266400,0,96,1,non-IDR slice,fu-a,1200,0,0
106,49,1106,266400,0,96,1,non-IDR slice,fu-a,1200,0,0
107,49,1107,266400,0,96,1,non-IDR slice,fu-a,1200,0,0
108,49,1108,266400,1,96,1,non-IDR slice,fu-a,479,0,1
109,50,1109,270000,0,96,1,non-IDR slice,fu-a,1200,1,0
110,50,1110,270000,0,96,1,non-IDR slice,fu-a,1200,0,0
111,50,1111,270000,1,96,1,non-IDR slice,fu-a,384,0,1
112,51,1112,273600,0,96,1,non-IDR slice,fu-a,1200,1,0
113,51,1113,273600,1,96,1,non-IDR slice,fu-a,685,0,1
114,52,1114,277200,1,96,1,non-IDR slice,single-nalu,886,0,0
115,53,1115,280800,1,96,1,non-IDR slice,single-nalu,480,0,0
116,54,1116,284400,1,96,1,non-IDR slice,single-nalu,425,0,0
117,55,1117,288000,1,96,1,non-IDR slice,single-nalu,962,0,0
118,56,1118,291600,1,96,1,non-IDR slice,single-nalu,437,0,0
119,57,1119,295200,1,96,1,non-IDR slice,single-nalu,504,0,0
120,58,1120,298800,0,96,1,non-IDR slice,fu-a,1200,1,0
121,58,1121,298800,1,96,1,non-IDR slice,fu-a,337,0,1
122,59,1122,302400,1,96,1,non-IDR slice,single-nalu,964,0,0
123,60,1123,306000,1,96,1,non-IDR slice,single-nalu,487,0,0
124,61,1124,309600,1,96,1,non-IDR slice,single-nalu,620,0,0
125,62,1125,313200,1,96,1,non-IDR slice,single-nalu,746,0,0
126,63,1126,316800,1,96,1,non-IDR slice,single-nalu,444,0,0
127,64,1127,320400,1,96,1,non-IDR slice,single-nalu,444,0,0
128,65,1128,324000,0,96,1,non-IDR slice,fu-a,1200,1,0
129,65,1129,324000,0,96,1,non-IDR slice,fu-a,1200,0,0
130,65,1130,324000,0,96,1,non-IDR slice,fu-a,1200,0,0
131,65,1131,324000,0,96,1,non-IDR slice,fu-a,1200,0,0
132,65,1132,324000,0,96,1,non-IDR slice,fu-a,1200,0,0
133,65,1133,324000,0,96,1,non-IDR slice,fu-a,1200,0,0
134,65,1134,324000,0,96,1,non-IDR slice,fu-a,1200,0,0
135,65,1135,324000,0,96,1,non-IDR slice,fu-a,1200,0,0
136,65,1136,324000,0,96,1,non-IDR slice,fu-a,1200,0,0
137,65,1137,324000,0,96,1,non-IDR slice,fu-a,1200,0,0
138,65,1138,324000,0,96,1,non-IDR slice,fu-a,1200,0,0
139,65,1139,324000,0,96,1,non-IDR slice,fu-a,1200,0,0
140,65,1140,324000,1,96,1,non-IDR slice,fu-a,256,0,1
141,66,1141,327600,0,96,1,non-IDR slice,fu-a,1200,1,0
142,66,1142,327600,0,96,1,non-IDR slice,fu-a,1200,0,0
143,66,1143,327600,1,96,1,non-IDR slice,fu-a,1036,0,1
144,67,1144,331200,0,96,1,non-IDR slice,fu-a,1200,1,0
145,67,1145,331200,1,96,1,non-IDR slice,fu-a,762,0,1
146,68,1146,334800,1,96,1,non-IDR slice,single-nalu,958,0,0
147,69,1147,338400,1,96,1,non-IDR slice,single-nalu,604,0,0
148,70,1148,342000,1,96,1,non-IDR slice,single-nalu,463,0,0
149,71,1149,345600,1,96,1,non-IDR slice,single-nalu,913,0,0
150,72,1150,349200,1,96,1,non-IDR slice,single-nalu,536,0,0
151,73,1151,352800,1,96,1,non-IDR slice,single-nalu,499,0,0
152,74,1152,356400,0,96,1,non-IDR slice,fu-a,1200,1,0
153,74,1153,356400,1,96,1,non-IDR slice,fu-a,626,0,1
154,75,1154,360000,1,96,1,non-IDR slice,single-nalu,967,0,0
155,76,1155,363600,1,96,1,non-IDR slice,single-nalu,519,0,0
156,77,1156,367200,1,96,1,non-IDR slice,single-nalu,621,0,0
157,78,1157,370800,1,96,1,non-IDR slice,single-nalu,1045,0,0
158,79,1158,374400,1,96,1,non-IDR slice,single-nalu,542,0,0
